{
    "name": "root",
    "gauges": {
        "PRV_Agent.Policy.Entropy.mean": {
            "value": 0.8270998001098633,
            "min": 0.8270644545555115,
            "max": 0.8585081100463867,
            "count": 240
        },
        "PRV_Agent.Policy.Entropy.sum": {
            "value": 8664.697265625,
            "min": 5042.87646484375,
            "max": 11422.22265625,
            "count": 240
        },
        "PRV_Agent.Environment.EpisodeLength.mean": {
            "value": 86.08695652173913,
            "min": 26.585365853658537,
            "max": 130.46052631578948,
            "count": 240
        },
        "PRV_Agent.Environment.EpisodeLength.sum": {
            "value": 9900.0,
            "min": 2180.0,
            "max": 13301.0,
            "count": 240
        },
        "PRV_Agent.Step.mean": {
            "value": 4999930.0,
            "min": 2609954.0,
            "max": 4999930.0,
            "count": 240
        },
        "PRV_Agent.Step.sum": {
            "value": 4999930.0,
            "min": 2609954.0,
            "max": 4999930.0,
            "count": 240
        },
        "PRV_Agent.Policy.ExtrinsicValueEstimate.mean": {
            "value": -0.4732300937175751,
            "min": -0.5662565231323242,
            "max": -0.3527454733848572,
            "count": 240
        },
        "PRV_Agent.Policy.ExtrinsicValueEstimate.sum": {
            "value": -61.04668045043945,
            "min": -82.30201721191406,
            "max": -36.00925064086914,
            "count": 240
        },
        "PRV_Agent.Environment.CumulativeReward.mean": {
            "value": -0.9329987097400845,
            "min": -1.5418147323788076,
            "max": -0.2332613402776581,
            "count": 240
        },
        "PRV_Agent.Environment.CumulativeReward.sum": {
            "value": -106.36185291036963,
            "min": -157.99679043889046,
            "max": -32.423326298594475,
            "count": 240
        },
        "PRV_Agent.Policy.ExtrinsicReward.mean": {
            "value": -0.9329987097400845,
            "min": -1.5418147323788076,
            "max": -0.2332613402776581,
            "count": 240
        },
        "PRV_Agent.Policy.ExtrinsicReward.sum": {
            "value": -106.36185291036963,
            "min": -157.99679043889046,
            "max": -32.423326298594475,
            "count": 240
        },
        "PRV_Agent.IsTraining.mean": {
            "value": 1.0,
            "min": 1.0,
            "max": 1.0,
            "count": 240
        },
        "PRV_Agent.IsTraining.sum": {
            "value": 1.0,
            "min": 1.0,
            "max": 1.0,
            "count": 240
        },
        "PRV_Agent.Losses.PolicyLoss.mean": {
            "value": 0.014781784017880757,
            "min": 0.010082293557934463,
            "max": 0.022863059490919112,
            "count": 115
        },
        "PRV_Agent.Losses.PolicyLoss.sum": {
            "value": 0.014781784017880757,
            "min": 0.010082293557934463,
            "max": 0.022863059490919112,
            "count": 115
        },
        "PRV_Agent.Losses.ValueLoss.mean": {
            "value": 0.12316894754767418,
            "min": 0.11213395918409029,
            "max": 0.16950708230336506,
            "count": 115
        },
        "PRV_Agent.Losses.ValueLoss.sum": {
            "value": 0.12316894754767418,
            "min": 0.11213395918409029,
            "max": 0.16950708230336506,
            "count": 115
        },
        "PRV_Agent.Policy.LearningRate.mean": {
            "value": 5.543198152600164e-07,
            "min": 5.543198152600164e-07,
            "max": 0.00014230463256513997,
            "count": 115
        },
        "PRV_Agent.Policy.LearningRate.sum": {
            "value": 5.543198152600164e-07,
            "min": 5.543198152600164e-07,
            "max": 0.00014230463256513997,
            "count": 115
        },
        "PRV_Agent.Policy.Epsilon.mean": {
            "value": 0.10018474000000001,
            "min": 0.10018474000000001,
            "max": 0.14743486,
            "count": 115
        },
        "PRV_Agent.Policy.Epsilon.sum": {
            "value": 0.10018474000000001,
            "min": 0.10018474000000001,
            "max": 0.14743486,
            "count": 115
        },
        "PRV_Agent.Policy.Beta.mean": {
            "value": 1.9218526000000275e-05,
            "min": 1.9218526000000275e-05,
            "max": 0.0023769995140000004,
            "count": 115
        },
        "PRV_Agent.Policy.Beta.sum": {
            "value": 1.9218526000000275e-05,
            "min": 1.9218526000000275e-05,
            "max": 0.0023769995140000004,
            "count": 115
        }
    },
    "metadata": {
        "timer_format_version": "0.1.0",
        "start_time_seconds": "1772155416",
        "python_version": "3.10.12 | packaged by Anaconda, Inc. | (main, Jul  5 2023, 19:01:18) [MSC v.1916 64 bit (AMD64)]",
        "command_line_arguments": "C:\\Users\\Umut\\miniconda3\\envs\\mlagents\\Scripts\\mlagents-learn prv_training_config_2.yaml --run-id=PRV_V2_Run12 --resume",
        "mlagents_version": "1.1.0",
        "mlagents_envs_version": "1.1.0",
        "communication_protocol_version": "1.5.0",
        "pytorch_version": "2.2.2+cu121",
        "numpy_version": "1.23.5",
        "end_time_seconds": "1772157503"
    },
    "total": 2086.7657688000036,
    "count": 1,
    "self": 0.012945300011779182,
    "children": {
        "run_training.setup": {
            "total": 0.11830580000241753,
            "count": 1,
            "self": 0.11830580000241753
        },
        "TrainerController.start_learning": {
            "total": 2086.6345176999894,
            "count": 1,
            "self": 1.2783231022185646,
            "children": {
                "TrainerController._reset_env": {
                    "total": 21.102144599994062,
                    "count": 1,
                    "self": 21.102144599994062
                },
                "TrainerController.advance": {
                    "total": 2064.1693291977717,
                    "count": 52631,
                    "self": 1.1371699977316894,
                    "children": {
                        "env_step": {
                            "total": 1272.982629299935,
                            "count": 52631,
                            "self": 1187.0997636042011,
                            "children": {
                                "SubprocessEnvManager._take_step": {
                                    "total": 85.0794542979711,
                                    "count": 52631,
                                    "self": 4.309919697931036,
                                    "children": {
                                        "TorchPolicy.evaluate": {
                                            "total": 80.76953460004006,
                                            "count": 36903,
                                            "self": 80.76953460004006
                                        }
                                    }
                                },
                                "workers": {
                                    "total": 0.8034113977628294,
                                    "count": 52631,
                                    "self": 0.0,
                                    "children": {
                                        "worker_root": {
                                            "total": 2065.384142499577,
                                            "count": 52631,
                                            "is_parallel": true,
                                            "self": 1024.050909597834,
                                            "children": {
                                                "steps_from_proto": {
                                                    "total": 0.00548339998931624,
                                                    "count": 1,