{
    "name": "root",
    "gauges": {
        "PRV_Agent.Policy.Entropy.mean": {
            "value": 0.8585081100463867,
            "min": 0.8585081100463867,
            "max": 0.9243305921554565,
            "count": 260
        },
        "PRV_Agent.Policy.Entropy.sum": {
            "value": 8951.6640625,
            "min": 4820.1640625,
            "max": 16441.13671875,
            "count": 260
        },
        "PRV_Agent.Environment.EpisodeLength.mean": {
            "value": 77.28275862068965,
            "min": 55.38461538461539,
            "max": 134.17460317460316,
            "count": 260
        },
        "PRV_Agent.Environment.EpisodeLength.sum": {
            "value": 11206.0,
            "min": 5585.0,
            "max": 13758.0,
            "count": 260
        },
        "PRV_Agent.Step.mean": {
            "value": 2599993.0,
            "min": 9820.0,
            "max": 2599993.0,
            "count": 260
        },
        "PRV_Agent.Step.sum": {
            "value": 2599993.0,
            "min": 9820.0,
            "max": 2599993.0,
            "count": 260
        },
        "PRV_Agent.Policy.ExtrinsicValueEstimate.mean": {
            "value": -0.4055362045764923,
            "min": -0.7493557333946228,
            "max": -0.16549554467201233,
            "count": 260
        },
        "PRV_Agent.Policy.ExtrinsicValueEstimate.sum": {
            "value": -60.8304328918457,
            "min": -105.09878540039062,
            "max": -18.204509735107422,
            "count": 260
        },
        "PRV_Agent.Environment.CumulativeReward.mean": {
            "value": -0.569974017329514,
            "min": -2.0320873103407493,
            "max": -0.3525770926498808,
            "count": 260
        },
        "PRV_Agent.Environment.CumulativeReward.sum": {
            "value": -82.07625849545002,
            "min": -225.01850831508636,
            "max": -43.92532315850258,
            "count": 260
        },
        "PRV_Agent.Policy.ExtrinsicReward.mean": {
            "value": -0.569974017329514,
            "min": -2.0320873103407493,
            "max": -0.3525770926498808,
            "count": 260
        },
        "PRV_Agent.Policy.ExtrinsicReward.sum": {
            "value": -82.07625849545002,
            "min": -225.01850831508636,
            "max": -43.92532315850258,
            "count": 260
        },
        "PRV_Agent.IsTraining.mean": {
            "value": 1.0,
            "min": 1.0,
            "max": 1.0,
            "count": 260
        },
        "PRV_Agent.IsTraining.sum": {
            "value": 1.0,
            "min": 1.0,
            "max": 1.0,
            "count": 260
        },
        "PRV_Agent.Losses.PolicyLoss.mean": {
            "value": 0.018660491115103164,
            "min": 0.011206628506382306,
            "max": 0.02260179299240311,
            "count": 125
        },
        "PRV_Agent.Losses.PolicyLoss.sum": {
            "value": 0.018660491115103164,
            "min": 0.011206628506382306,
            "max": 0.02260179299240311,
            "count": 125
        },
        "PRV_Agent.Losses.ValueLoss.mean": {
            "value": 0.15058318376541138,
            "min": 0.122219101836284,
            "max": 0.18593443036079407,
            "count": 125
        },
        "PRV_Agent.Losses.ValueLoss.sum": {
            "value": 0.15058318376541138,
            "min": 0.122219101836284,
            "max": 0.18593443036079407,
            "count": 125
        },
        "PRV_Agent.Policy.LearningRate.mean": {
            "value": 0.00014469737176756002,
            "min": 0.00014469737176756002,
            "max": 0.00029871504042832,
            "count": 125
        },
        "PRV_Agent.Policy.LearningRate.sum": {
            "value": 0.00014469737176756002,
            "min": 0.00014469737176756002,
            "max": 0.00029871504042832,
            "count": 125
        },
        "PRV_Agent.Policy.Epsilon.mean": {
            "value": 0.14823244000000005,
            "min": 0.14823244000000005,
            "max": 0.19957168,
            "count": 125
        },
        "PRV_Agent.Policy.Epsilon.sum": {
            "value": 0.14823244000000005,
            "min": 0.14823244000000005,
            "max": 0.19957168,
            "count": 125
        },
        "PRV_Agent.Policy.Beta.mean": {
            "value": 0.0024167987560000004,
            "min": 0.0024167987560000004,
            "max": 0.004978626832000001,
            "count": 125
        },
        "PRV_Agent.Policy.Beta.sum": {
            "value": 0.0024167987560000004,
            "min": 0.0024167987560000004,
            "max": 0.004978626832000001,
            "count": 125
        }
    },
    "metadata": {
        "timer_format_version": "0.1.0",
        "start_time_seconds": "1772120580",
        "python_version": "3.10.12 | packaged by Anaconda, Inc. | (main, Jul  5 2023, 19:01:18) [MSC v.1916 64 bit (AMD64)]",
        "command_line_arguments": "C:\\Users\\umute\\miniconda3\\envs\\mlagents\\Scripts\\mlagents-learn prv_training_config_2.yaml --run-id=PRV_V2_Run12 --initialize-from=PRV_V2_Run10",
        "mlagents_version": "1.1.0",
        "mlagents_envs_version": "1.1.0",
        "communication_protocol_version": "1.5.0",
        "pytorch_version": "2.2.2+cu121",
        "numpy_version": "1.23.5",
        "end_time_seconds": "1772122683"
    },
    "total": 2102.6635732999994,
    "count": 1,
    "self": 0.007932299999083625,
    "children": {
        "run_training.setup": {
            "total": 0.07679499999994732,
            "count": 1,
            "self": 0.07679499999994732
        },
        "TrainerController.start_learning": {
            "total": 2102.5788460000003,
            "count": 1,
            "self": 1.359638699772404,
            "children": {
                "TrainerController._reset_env": {
                    "total": 9.63763999999992,
                    "count": 1,
                    "self": 9.63763999999992
                },
                "TrainerController.advance": {
                    "total": 2091.322323500229,
                    "count": 56994,
                    "self": 1.2692097003737217,
                    "children": {
                        "env_step": {
                            "total": 1435.360699599758,
                            "count": 56994,
                            "self": 1294.2241960997399,
                            "children": {
                                "SubprocessEnvManager._take_step": {
                                    "total": 140.3533249999973,
                                    "count": 56994,
                                    "self": 4.207410800010621,
                                    "children": {
                                        "TorchPolicy.evaluate": {
                                            "total": 136.1459141999867,
                                            "count": 40381,
                                            "self": 136.1459141999867
                                        }
                                    }
                                },
                                "workers": {
                                    "total": 0.7831785000207674,
                                    "count": 56993,
                                    "self": 0.0,
                                    "children": {
                                        "worker_root": {
                                            "total": 2029.5703800000338,
                                            "count": 56993,
                                            "is_parallel": true,
                                            "self": 940.3810952001159,
                                            "children": {
                                                "steps_from_proto": {
                                                    "total": 0.0026105999995706952,
                                                    "count": 1,