{
    "name": "root",
    "gauges": {
        "PRV_Agent.Policy.Entropy.mean": {
            "value": 1.3554795980453491,
            "min": 1.3554794788360596,
            "max": 1.423324465751648,
            "count": 500
        },
        "PRV_Agent.Policy.Entropy.sum": {
            "value": 13907.220703125,
            "min": 9161.455078125,
            "max": 25540.888671875,
            "count": 500
        },
        "PRV_Agent.Environment.LessonNumber.area_size.mean": {
            "value": 2.0,
            "min": 0.0,
            "max": 2.0,
            "count": 500
        },
        "PRV_Agent.Environment.LessonNumber.area_size.sum": {
            "value": 2.0,
            "min": 0.0,
            "max": 2.0,
            "count": 500
        },
        "PRV_Agent.Environment.LessonNumber.episode_duration.mean": {
            "value": 2.0,
            "min": 0.0,
            "max": 2.0,
            "count": 500
        },
        "PRV_Agent.Environment.LessonNumber.episode_duration.sum": {
            "value": 2.0,
            "min": 0.0,
            "max": 2.0,
            "count": 500
        },
        "PRV_Agent.Environment.EpisodeLength.mean": {
            "value": 306.6363636363636,
            "min": 145.82608695652175,
            "max": 449.0,
            "count": 500
        },
        "PRV_Agent.Environment.EpisodeLength.sum": {
            "value": 10119.0,
            "min": 3546.0,
            "max": 17910.0,
            "count": 500
        },
        "PRV_Agent.Step.mean": {
            "value": 4999826.0,
            "min": 9800.0,
            "max": 4999826.0,
            "count": 500
        },
        "PRV_Agent.Step.sum": {
            "value": 4999826.0,
            "min": 9800.0,
            "max": 4999826.0,
            "count": 500
        },
        "PRV_Agent.Policy.ExtrinsicValueEstimate.mean": {
            "value": 0.9972407221794128,
            "min": -0.29345160722732544,
            "max": 1.0789450407028198,
            "count": 500
        },
        "PRV_Agent.Policy.ExtrinsicValueEstimate.sum": {
            "value": 52.853759765625,
            "min": -16.726741790771484,
            "max": 69.41122436523438,
            "count": 500
        },
        "PRV_Agent.Environment.CumulativeReward.mean": {
            "value": 4.089957946678624,
            "min": -2.501611120846807,
            "max": 5.847869296868642,
            "count": 500
        },
        "PRV_Agent.Environment.CumulativeReward.sum": {
            "value": 130.87865429371595,
            "min": -122.57894492149353,
            "max": 222.94373271614313,
            "count": 500
        },
        "PRV_Agent.Policy.ExtrinsicReward.mean": {
            "value": 4.089957946678624,
            "min": -2.501611120846807,
            "max": 5.847869296868642,
            "count": 500
        },
        "PRV_Agent.Policy.ExtrinsicReward.sum": {
            "value": 130.87865429371595,
            "min": -122.57894492149353,
            "max": 222.94373271614313,
            "count": 500
        },
        "PRV_Agent.IsTraining.mean": {
            "value": 1.0,
            "min": 1.0,
            "max": 1.0,
            "count": 500
        },
        "PRV_Agent.IsTraining.sum": {
            "value": 1.0,
            "min": 1.0,
            "max": 1.0,
            "count": 500
        },
        "PRV_Agent.Losses.PolicyLoss.mean": {
            "value": 0.01865844369555513,
            "min": 0.011381627013906836,
            "max": 0.02185291938173274,
            "count": 238
        },
        "PRV_Agent.Losses.PolicyLoss.sum": {
            "value": 0.01865844369555513,
            "min": 0.011381627013906836,
            "max": 0.02185291938173274,
            "count": 238
        },
        "PRV_Agent.Losses.ValueLoss.mean": {
            "value": 0.044572759543855985,
            "min": 0.02742923013865948,
            "max": 0.05486635665098826,
            "count": 238
        },
        "PRV_Agent.Losses.ValueLoss.sum": {
            "value": 0.044572759543855985,
            "min": 0.02742923013865948,
            "max": 0.05486635665098826,
            "count": 238
        },
        "PRV_Agent.Policy.LearningRate.mean": {
            "value": 1.177419607560015e-06,
            "min": 1.177419607560015e-06,
            "max": 0.0002983800005399999,
            "count": 238
        },
        "PRV_Agent.Policy.LearningRate.sum": {
            "value": 1.177419607560015e-06,
            "min": 1.177419607560015e-06,
            "max": 0.0002983800005399999,
            "count": 238
        },
        "PRV_Agent.Policy.Epsilon.mean": {
            "value": 0.10039243999999997,
            "min": 0.10039243999999997,
            "max": 0.19946000000000005,
            "count": 238
        },
        "PRV_Agent.Policy.Epsilon.sum": {
            "value": 0.10039243999999997,
            "min": 0.10039243999999997,
            "max": 0.19946000000000005,
            "count": 238
        },
        "PRV_Agent.Policy.Beta.mean": {
            "value": 2.9582756000000248e-05,
            "min": 2.9582756000000248e-05,
            "max": 0.004973054000000001,
            "count": 238
        },
        "PRV_Agent.Policy.Beta.sum": {
            "value": 2.9582756000000248e-05,
            "min": 2.9582756000000248e-05,
            "max": 0.004973054000000001,
            "count": 238
        }
    },
    "metadata": {
        "timer_format_version": "0.1.0",
        "start_time_seconds": "1772051670",
        "python_version": "3.10.12 | packaged by Anaconda, Inc. | (main, Jul  5 2023, 19:01:18) [MSC v.1916 64 bit (AMD64)]",
        "command_line_arguments": "C:\\Users\\Umut\\miniconda3\\envs\\mlagents\\Scripts\\mlagents-learn prv_training_config_2.yaml --run-id=PRV_V2_Run4",
        "mlagents_version": "1.1.0",
        "mlagents_envs_version": "1.1.0",
        "communication_protocol_version": "1.5.0",
        "pytorch_version": "2.2.2+cu121",
        "numpy_version": "1.23.5",
        "end_time_seconds": "1772055601"
    },
    "total": 3930.4940101,
    "count": 1,
    "self": 0.014994599999681668,
    "children": {
        "run_training.setup": {
            "total": 0.09894130000020596,
            "count": 1,
            "self": 0.09894130000020596
        },
        "TrainerController.start_learning": {
            "total": 3930.3800742000003,
            "count": 1,
            "self": 3.8547637001283874,
            "children": {
                "TrainerController._reset_env": {
                    "total": 9.297757900000079,
                    "count": 1,
                    "self": 9.297757900000079
                },
                "TrainerController.advance": {
                    "total": 3917.123348399872,
                    "count": 115443,
                    "self": 4.142383499629432,
                    "children": {
                        "env_step": {
                            "total": 2529.8305701000404,
                            "count": 115443,
                            "self": 2274.4537758000224,
                            "children": {
                                "SubprocessEnvManager._take_step": {
                                    "total": 253.76048339995737,
                                    "count": 115443,
                                    "self": 10.91996539990555,
                                    "children": {
                                        "TorchPolicy.evaluate": {
                                            "total": 242.84051800005182,
                                            "count": 111238,
                                            "self": 242.84051800005182
                                        }
                                    }
                                },
                                "workers": {
                                    "total": 1.6163109000608529,
                                    "count": 115443,