{
    "name": "root",
    "gauges": {
        "PRV_Agent.Policy.Entropy.mean": {
            "value": 1.1329822540283203,
            "min": 1.132925271987915,
            "max": 1.2822039127349854,
            "count": 500
        },
        "PRV_Agent.Policy.Entropy.sum": {
            "value": 12236.2080078125,
            "min": 7379.060546875,
            "max": 14770.9892578125,
            "count": 500
        },
        "PRV_Agent.Environment.LessonNumber.area_size.mean": {
            "value": 2.0,
            "min": 0.0,
            "max": 2.0,
            "count": 500
        },
        "PRV_Agent.Environment.LessonNumber.area_size.sum": {
            "value": 2.0,
            "min": 0.0,
            "max": 2.0,
            "count": 500
        },
        "PRV_Agent.Environment.LessonNumber.episode_duration.mean": {
            "value": 2.0,
            "min": 0.0,
            "max": 2.0,
            "count": 500
        },
        "PRV_Agent.Environment.LessonNumber.episode_duration.sum": {
            "value": 2.0,
            "min": 0.0,
            "max": 2.0,
            "count": 500
        },
        "PRV_Agent.Environment.EpisodeLength.mean": {
            "value": 57.95918367346939,
            "min": 37.425,
            "max": 108.14285714285714,
            "count": 500
        },
        "PRV_Agent.Environment.EpisodeLength.sum": {
            "value": 8520.0,
            "min": 5886.0,
            "max": 13812.0,
            "count": 500
        },
        "PRV_Agent.Step.mean": {
            "value": 4999998.0,
            "min": 9974.0,
            "max": 4999998.0,
            "count": 500
        },
        "PRV_Agent.Step.sum": {
            "value": 4999998.0,
            "min": 9974.0,
            "max": 4999998.0,
            "count": 500
        },
        "PRV_Agent.Policy.ExtrinsicValueEstimate.mean": {
            "value": -0.04135832563042641,
            "min": -0.09939874708652496,
            "max": -0.009008433669805527,
            "count": 500
        },
        "PRV_Agent.Policy.ExtrinsicValueEstimate.sum": {
            "value": -6.286465644836426,
            "min": -17.183177947998047,
            "max": -2.0359060764312744,
            "count": 500
        },
        "PRV_Agent.Environment.CumulativeReward.mean": {
            "value": -0.030592179984772858,
            "min": -0.32792591314087166,
            "max": 0.0004394748610584944,
            "count": 500
        },
        "PRV_Agent.Environment.CumulativeReward.sum": {
            "value": -4.466458277776837,
            "min": -38.2532283521723,
            "max": 0.09316867054440081,
            "count": 500
        },
        "PRV_Agent.Policy.ExtrinsicReward.mean": {
            "value": -0.030592179984772858,
            "min": -0.32792591314087166,
            "max": 0.0004394748610584944,
            "count": 500
        },
        "PRV_Agent.Policy.ExtrinsicReward.sum": {
            "value": -4.466458277776837,
            "min": -38.2532283521723,
            "max": 0.09316867054440081,
            "count": 500
        },
        "PRV_Agent.IsTraining.mean": {
            "value": 1.0,
            "min": 1.0,
            "max": 1.0,
            "count": 500
        },
        "PRV_Agent.IsTraining.sum": {
            "value": 1.0,
            "min": 1.0,
            "max": 1.0,
            "count": 500
        },
        "PRV_Agent.Losses.PolicyLoss.mean": {
            "value": 0.015146635899630686,
            "min": 0.011481322185136377,
            "max": 0.023398517708604533,
            "count": 242
        },
        "PRV_Agent.Losses.PolicyLoss.sum": {
            "value": 0.015146635899630686,
            "min": 0.011481322185136377,
            "max": 0.023398517708604533,
            "count": 242
        },
        "PRV_Agent.Losses.ValueLoss.mean": {
            "value": 0.08918622756997745,
            "min": 0.04201980369786421,
            "max": 0.1051270047823588,
            "count": 242
        },
        "PRV_Agent.Losses.ValueLoss.sum": {
            "value": 0.08918622756997745,
            "min": 0.04201980369786421,
            "max": 0.1051270047823588,
            "count": 242
        },
        "PRV_Agent.Policy.LearningRate.mean": {
            "value": 1.267599577800117e-07,
            "min": 1.267599577800117e-07,
            "max": 0.00029877006040997993,
            "count": 242
        },
        "PRV_Agent.Policy.LearningRate.sum": {
            "value": 1.267599577800117e-07,
            "min": 1.267599577800117e-07,
            "max": 0.00029877006040997993,
            "count": 242
        },
        "PRV_Agent.Policy.Epsilon.mean": {
            "value": 0.10004222000000004,
            "min": 0.10004222000000004,
            "max": 0.19959001999999992,
            "count": 242
        },
        "PRV_Agent.Policy.Epsilon.sum": {
            "value": 0.10004222000000004,
            "min": 0.10004222000000004,
            "max": 0.19959001999999992,
            "count": 242
        },
        "PRV_Agent.Policy.Beta.mean": {
            "value": 1.21067780000002e-05,
            "min": 1.21067780000002e-05,
            "max": 0.004979541998,
            "count": 242
        },
        "PRV_Agent.Policy.Beta.sum": {
            "value": 1.21067780000002e-05,
            "min": 1.21067780000002e-05,
            "max": 0.004979541998,
            "count": 242
        }
    },
    "metadata": {
        "timer_format_version": "0.1.0",
        "start_time_seconds": "1772070840",
        "python_version": "3.10.12 | packaged by Anaconda, Inc. | (main, Jul  5 2023, 19:01:18) [MSC v.1916 64 bit (AMD64)]",
        "command_line_arguments": "C:\\Users\\Umut\\miniconda3\\envs\\mlagents\\Scripts\\mlagents-learn prv_training_config_2.yaml --run-id=PRV_V2_Run9 --initialize-from=PRV_V2_Run8",
        "mlagents_version": "1.1.0",
        "mlagents_envs_version": "1.1.0",
        "communication_protocol_version": "1.5.0",
        "pytorch_version": "2.2.2+cu121",
        "numpy_version": "1.23.5",
        "end_time_seconds": "1772074993"
    },
    "total": 4152.9693687,
    "count": 1,
    "self": 0.021169200001168065,
    "children": {
        "run_training.setup": {
            "total": 0.10136340000099153,
            "count": 1,
            "self": 0.10136340000099153
        },
        "TrainerController.start_learning": {
            "total": 4152.846836099998,
            "count": 1,
            "self": 4.639823099445493,
            "children": {
                "TrainerController._reset_env": {
                    "total": 8.326477099999465,
                    "count": 1,
                    "self": 8.326477099999465
                },
                "TrainerController.advance": {
                    "total": 4139.792559600552,
                    "count": 132383,
                    "self": 4.76347030065881,
                    "children": {
                        "env_step": {
                            "total": 2546.689369999567,
                            "count": 132383,
                            "self": 2296.343736500112,
                            "children": {
                                "SubprocessEnvManager._take_step": {
                                    "total": 248.38220209941574,
                                    "count": 132383,
                                    "self": 9.93755989904821,
                                    "children": {
                                        "TorchPolicy.evaluate": {
                                            "total": 238.44464220036753,
                                            "count": 111184,
                                            "self": 238.44464220036753
                                        }
                                    }
                                },
                                "workers": {
                                    "total": 1.9634314000395534,