{"count":1,"self":371.55443199999996,"total":4200.6643414,"children":{"InitializeActuators":{"count":46930,"self":0.2417527,"total":0.2417527,"children":null},"InitializeSensors":{"count":46930,"self":0.3785252,"total":0.3785252,"children":null},"AgentInfo.ToProto":{"count":108565,"self":0.50439939999999994,"total":34.6463427,"children":{"GenerateSensorData":{"count":108565,"self":33.9963456,"total":34.1419433,"children":{"RayPerceptionSensor.Perceive":{"count":108565,"self":0.1455969,"total":0.1455969,"children":null}}}}},"AgentSendState":{"count":385117,"self":117.27365119999999,"total":1134.6256372,"children":{"CollectObservations":{"count":5004264,"self":18.3611952,"total":18.3611947,"children":null},"WriteActionMask":{"count":5004264,"self":2.9656444,"total":2.9656444,"children":null},"RequestDecision":{"count":5004264,"self":12.0282208,"total":996.0251407,"children":{"AgentInfo.ToProto":{"count":5004264,"self":13.4095576,"total":983.9969202,"children":{"GenerateSensorData":{"count":5004264,"self":965.2114432,"total":970.5873627,"children":{"RayPerceptionSensor.Perceive":{"count":5004264,"self":5.3758856,"total":5.3758856999999995,"children":null}}}}}}}}},"DecideAction":{"count":385117,"self":2583.6265472,"total":2583.6264631,"children":null},"AgentAct":{"count":385117,"self":75.5901824,"total":75.590182099999993,"children":null}},"gauges":{"PRV_Agent.CumulativeReward":{"count":61713,"max":3.720618,"min":-15.2789583,"runningAverage":0.0606876872,"value":0.2241525,"weightedAverage":0.264628}},"metadata":{"timer_format_version":"0.1.0","start_time_seconds":"1772157696","unity_version":"6000.0.62f1","command_line_arguments":"C:\\Program Files\\Unity\\Hub\\Editor\\6000.0.62f1\\Editor\\Unity.exe -projectpath E:\\ISART_PROJECT\\Triade -useHub -hubIPC -cloudEnvironment production","communication_protocol_version":"1.5.0","com.unity.ml-agents_version":"4.0.2","scene_name":"SampleScene 1","end_time_seconds":"1772161897"}}