{"count":1,"self":33.0459136,"total":248.53098469999998,"children":{"InitializeActuators":{"count":45,"self":0.0010011,"total":0.0010011,"children":null},"InitializeSensors":{"count":45,"self":0.0029995,"total":0.0029995,"children":null},"AgentInfo.ToProto":{"count":5274,"self":0.0186216,"total":1.3220245,"children":{"GenerateSensorData":{"count":5274,"self":1.2988836,"total":1.3034029,"children":{"RayPerceptionSensor.Perceive":{"count":5274,"self":0.0045192999999999995,"total":0.0045192999999999995,"children":null}}}}},"AgentSendState":{"count":32434,"self":8.227572,"total":56.173554599999996,"children":{"CollectObservations":{"count":291915,"self":0.7227853,"total":0.7227853,"children":null},"WriteActionMask":{"count":291915,"self":0.161651,"total":0.161651,"children":null},"RequestDecision":{"count":291915,"self":0.6985022,"total":47.061546199999995,"children":{"AgentInfo.ToProto":{"count":291915,"self":0.60368729999999993,"total":46.363043999999995,"children":{"GenerateSensorData":{"count":291915,"self":45.4880608,"total":45.7593567,"children":{"RayPerceptionSensor.Perceive":{"count":291915,"self":0.271295,"total":0.271295,"children":null}}}}}}}}},"DecideAction":{"count":32434,"self":154.62353919999998,"total":154.62353779999998,"children":null},"AgentAct":{"count":32434,"self":3.3609519999999997,"total":3.3609518,"children":null}},"gauges":{"PRV_Agent.CumulativeReward":{"count":5274,"max":1.30255771,"min":-4.044687,"runningAverage":-0.13235949,"value":0.991883755,"weightedAverage":0.0465514362}},"metadata":{"timer_format_version":"0.1.0","start_time_seconds":"1772089905","unity_version":"6000.0.62f1","command_line_arguments":"C:\\Program Files\\Unity\\Hub\\Editor\\6000.0.62f1\\Editor\\Unity.exe -projectpath E:\\ISART_PROJECT\\Triade -useHub -hubIPC -cloudEnvironment production","communication_protocol_version":"1.5.0","com.unity.ml-agents_version":"4.0.2","scene_name":"SampleScene 1","end_time_seconds":"1772090154"}}