{"count":1,"self":8754.2472704,"total":8773.0682518,"children":{"InitializeActuators":{"count":345,"self":0.004216,"total":0.004216,"children":null},"InitializeSensors":{"count":345,"self":0.0070142999999999994,"total":0.0070142999999999994,"children":null},"AgentInfo.ToProto":{"count":704,"self":0.0020098,"total":0.2178742,"children":{"GenerateSensorData":{"count":704,"self":0.21486429999999998,"total":0.21586439999999998,"children":{"RayPerceptionSensor.Perceive":{"count":704,"self":0.0010000999999999999,"total":0.0010000999999999999,"children":null}}}}},"AgentSendState":{"count":1717,"self":0.62464409999999992,"total":5.7915757,"children":{"CollectObservations":{"count":24826,"self":0.08013519999999999,"total":0.08013519999999999,"children":null},"WriteActionMask":{"count":24826,"self":0.0185279,"total":0.0185279,"children":null},"RequestDecision":{"count":24826,"self":0.0557804,"total":5.0682684999999994,"children":{"AgentInfo.ToProto":{"count":24826,"self":0.0523623,"total":5.0124881,"children":{"GenerateSensorData":{"count":24826,"self":4.9376032,"total":4.9601258,"children":{"RayPerceptionSensor.Perceive":{"count":24826,"self":0.0225228,"total":0.0225228,"children":null}}}}}}}}},"DecideAction":{"count":1717,"self":12.4210864,"total":12.4210864,"children":null},"AgentAct":{"count":1717,"self":0.37890619999999997,"total":0.37890619999999997,"children":null}},"gauges":{"PRV_Agent.CumulativeReward":{"count":414,"max":3.55189753,"min":-0.665789366,"runningAverage":0.2546879,"value":-0.010422647,"weightedAverage":0.221977308}},"metadata":{"timer_format_version":"0.1.0","start_time_seconds":"1772097684","unity_version":"6000.0.62f1","command_line_arguments":"C:\\Program Files\\Unity\\Hub\\Editor\\6000.0.62f1\\Editor\\Unity.exe -projectpath E:\\ISART_PROJECT\\Triade -useHub -hubIPC -cloudEnvironment production","communication_protocol_version":"1.5.0","com.unity.ml-agents_version":"4.0.2","scene_name":"SampleScene 1","end_time_seconds":"1772106457"}}