{"count":1,"self":912.91289599999993,"total":1231.7484662,"children":{"InitializeActuators":{"count":135,"self":0.0010184999999999999,"total":0.0010184999999999999,"children":null},"InitializeSensors":{"count":135,"self":0.0041132999999999994,"total":0.0041132999999999994,"children":null},"RayPerceptionSensor.Perceive":{"count":6615,"self":0.029959,"total":0.029959,"children":null},"AgentSendState":{"count":72972,"self":48.8661472,"total":265.36676669999997,"children":{"CollectObservations":{"count":1970325,"self":17.043678399999997,"total":17.043678099999997,"children":null},"WriteActionMask":{"count":1970325,"self":2.7745737999999998,"total":2.7745737999999998,"children":null},"RequestDecision":{"count":1970325,"self":192.35658239999998,"total":196.6823667,"children":{"RayPerceptionSensor.Perceive":{"count":1970325,"self":4.3257867999999995,"total":4.3257867999999995,"children":null}}}}},"DecideAction":{"count":72972,"self":9.2630352,"total":9.2630353,"children":null},"AgentAct":{"count":72972,"self":44.170659199999996,"total":44.1706599,"children":null}},"gauges":{"PRV_Agent.CumulativeReward":{"count":6615,"max":0,"min":-1.18342686,"runningAverage":-0.8458225,"value":-0.850007057,"weightedAverage":-0.8523919}},"metadata":{"timer_format_version":"0.1.0","start_time_seconds":"1772122694","unity_version":"6000.0.62f1","command_line_arguments":"C:\\Program Files\\Unity\\Hub\\Editor\\6000.0.62f1\\Editor\\Unity.exe -projectpath C:\\Users\\umute\\Documents\\GitHub\\Triade -useHub -hubIPC -cloudEnvironment production","communication_protocol_version":"1.5.0","com.unity.ml-agents_version":"4.0.2","scene_name":"SampleScene 1","end_time_seconds":"1772123926"}}