{"count":1,"self":331.52980479999997,"total":3599.9078402,"children":{"InitializeActuators":{"count":45,"self":0.0015063,"total":0.0015063,"children":null},"InitializeSensors":{"count":45,"self":0.0015102,"total":0.0015102,"children":null},"AgentInfo.ToProto":{"count":53928,"self":0.19284659999999998,"total":12.108162199999999,"children":{"GenerateSensorData":{"count":53928,"self":11.8477088,"total":11.9153156,"children":{"RayPerceptionSensor.Perceive":{"count":53928,"self":0.0676065,"total":0.0676065,"children":null}}}}},"AgentSendState":{"count":419584,"self":91.005145599999992,"total":508.24473689999996,"children":{"CollectObservations":{"count":3776580,"self":5.7369816,"total":5.7369816999999994,"children":null},"WriteActionMask":{"count":3776580,"self":1.1907896999999998,"total":1.1907896999999998,"children":null},"RequestDecision":{"count":3776580,"self":5.4164091999999995,"total":410.31182029999997,"children":{"AgentInfo.ToProto":{"count":3776580,"self":5.1561604,"total":404.89541119999996,"children":{"GenerateSensorData":{"count":3776580,"self":396.90974719999997,"total":399.73925069999996,"children":{"RayPerceptionSensor.Perceive":{"count":3776580,"self":2.8295041999999997,"total":2.8295041999999997,"children":null}}}}}}}}},"DecideAction":{"count":419584,"self":2719.2199167999997,"total":2719.2198541,"children":null},"AgentAct":{"count":419584,"self":28.8002464,"total":28.8002458,"children":null}},"gauges":{"PRV_Renard.CumulativeReward":{"count":17976,"max":1.1632911,"min":-3.4674716,"runningAverage":-0.179196864,"value":-0.0203691721,"weightedAverage":0.05699918},"PRV_Poule.CumulativeReward":{"count":17976,"max":1.99445581,"min":-3.770886,"runningAverage":0.429845661,"value":1.04184425,"weightedAverage":0.689661264},"PRV_Vipere.CumulativeReward":{"count":17976,"max":1.07921934,"min":-5.32735443,"runningAverage":-0.9495374,"value":-1.35635638,"weightedAverage":-1.17790186}},"metadata":{"timer_format_version":"0.1.0","start_time_seconds":"1771920523","unity_version":"6000.0.62f1","command_line_arguments":"C:\\Program Files\\Unity\\Hub\\Editor\\6000.0.62f1\\Editor\\Unity.exe -projectpath C:\\Users\\umute\\Documents\\GitHub\\Triade -useHub -hubIPC -cloudEnvironment production","communication_protocol_version":"1.5.0","com.unity.ml-agents_version":"4.0.2","scene_name":"SampleScene 1","end_time_seconds":"1771924122"}}