{"count":1,"self":96.4278976,"total":581.8030047,"children":{"InitializeActuators":{"count":28,"self":0.0005158,"total":0.0005158,"children":null},"InitializeSensors":{"count":28,"self":0.0015248999999999998,"total":0.0015248999999999998,"children":null},"AgentSendState":{"count":182417,"self":19.7353696,"total":77.5326876,"children":{"CollectObservations":{"count":1021552,"self":1.3390993,"total":1.3390993,"children":null},"WriteActionMask":{"count":1021552,"self":0.340539,"total":0.340539,"children":null},"RequestDecision":{"count":1021552,"self":52.473305599999996,"total":56.1176805,"children":{"RayPerceptionSensor.Perceive":{"count":510776,"self":0.3778242,"total":0.3778242,"children":null},"AgentInfo.ToProto":{"count":510776,"self":0.6991059,"total":3.2665520999999997,"children":{"GenerateSensorData":{"count":510776,"self":2.144044,"total":2.5674462,"children":{"RayPerceptionSensor.Perceive":{"count":510776,"self":0.4234021,"total":0.4234021,"children":null}}}}}}}}},"DecideAction":{"count":182417,"self":402.376576,"total":402.3765687,"children":null},"AgentAct":{"count":182417,"self":5.3780616,"total":5.3898063,"children":{"RayPerceptionSensor.Perceive":{"count":1221,"self":0,"total":0,"children":null},"AgentInfo.ToProto":{"count":1221,"self":0.0031554,"total":0.011744899999999999,"children":{"GenerateSensorData":{"count":1221,"self":0.0085895,"total":0.0085895,"children":{"RayPerceptionSensor.Perceive":{"count":1221,"self":0,"total":0,"children":null}}}}}}},"AgentInfo.ToProto":{"count":4769,"self":0.0164381,"total":0.062108,"children":{"GenerateSensorData":{"count":4769,"self":0.0426572,"total":0.0456699,"children":{"RayPerceptionSensor.Perceive":{"count":4769,"self":0.0030126999999999997,"total":0.0030126999999999997,"children":null}}}}},"RayPerceptionSensor.Perceive":{"count":4768,"self":0.011895099999999999,"total":0.011895099999999999,"children":null}},"gauges":{"RedAgent.CumulativeReward":{"count":5990,"max":10.1724844,"min":-194.343262,"runningAverage":4.214108,"value":4.834417,"weightedAverage":4.78435659},"My Behavior.CumulativeReward":{"count":5989,"max":-1.008,"min":-3.910934,"runningAverage":-2.12254262,"value":-2.40101862,"weightedAverage":-2.37776184}},"metadata":{"timer_format_version":"0.1.0","start_time_seconds":"1770887294","unity_version":"6000.0.62f1","command_line_arguments":"C:\\Program Files\\Unity\\Hub\\Editor\\6000.0.62f1\\Editor\\Unity.exe -projectpath C:\\Users\\umute\\Documents\\Proj Isart\\Triade -useHub -hubIPC -cloudEnvironment production","communication_protocol_version":"1.5.0","com.unity.ml-agents_version":"4.0.1","scene_name":"SampleScene","end_time_seconds":"1770887875"}}