{"count":1,"self":29.272108799999998,"total":228.2523354,"children":{"InitializeActuators":{"count":28,"self":0.00092629999999999991,"total":0.00092629999999999991,"children":null},"InitializeSensors":{"count":28,"self":0.001614,"total":0.001614,"children":null},"AgentSendState":{"count":38734,"self":4.1422495999999995,"total":16.1706397,"children":{"CollectObservations":{"count":216916,"self":0.2881008,"total":0.2881008,"children":null},"WriteActionMask":{"count":216916,"self":0.0798567,"total":0.0798567,"children":null},"RequestDecision":{"count":216916,"self":10.876939199999999,"total":11.660432499999999,"children":{"AgentInfo.ToProto":{"count":108458,"self":0.1299205,"total":0.7213485,"children":{"GenerateSensorData":{"count":108458,"self":0.4932895,"total":0.591428,"children":{"RayPerceptionSensor.Perceive":{"count":108458,"self":0.09813849999999999,"total":0.09813849999999999,"children":null}}}}},"RayPerceptionSensor.Perceive":{"count":108458,"self":0.0621445,"total":0.0621445,"children":null}}}}},"DecideAction":{"count":38734,"self":181.40671999999998,"total":181.40671949999998,"children":null},"AgentAct":{"count":38734,"self":1.1603868,"total":1.1603868,"children":null},"RayPerceptionSensor.Perceive":{"count":13265,"self":0.029343499999999998,"total":0.029343499999999998,"children":null},"AgentInfo.ToProto":{"count":13265,"self":0.054891199999999994,"total":0.2105959,"children":{"GenerateSensorData":{"count":13265,"self":0.14213679999999998,"total":0.1557047,"children":{"RayPerceptionSensor.Perceive":{"count":13265,"self":0.013567899999999999,"total":0.013567899999999999,"children":null}}}}}},"gauges":{"My Behavior.CumulativeReward":{"count":13265,"max":-1.001,"min":-2.22901058,"runningAverage":-2.03979158,"value":-2.11000514,"weightedAverage":-2.06339288},"RedAgent.CumulativeReward":{"count":13265,"max":7.354318,"min":4.348391,"runningAverage":5.908644,"value":6.29725361,"weightedAverage":5.998762}},"metadata":{"timer_format_version":"0.1.0","start_time_seconds":"1770893949","unity_version":"6000.0.62f1","command_line_arguments":"C:\\Program Files\\Unity\\Hub\\Editor\\6000.0.62f1\\Editor\\Unity.exe -projectpath C:\\Users\\umute\\Documents\\GitHub\\Triade -useHub -hubIPC -cloudEnvironment production","communication_protocol_version":"1.5.0","com.unity.ml-agents_version":"4.0.1","scene_name":"SampleScene","end_time_seconds":"1770894178"}}