{"count":1,"self":146.1867264,"total":976.7276045,"children":{"InitializeActuators":{"count":45,"self":0.000968,"total":0.000968,"children":null},"InitializeSensors":{"count":45,"self":0.0016868999999999999,"total":0.0016868999999999999,"children":null},"AgentInfo.ToProto":{"count":7791,"self":0.0170156,"total":1.2287120999999999,"children":{"GenerateSensorData":{"count":7791,"self":1.2039227,"total":1.2116965,"children":{"RayPerceptionSensor.Perceive":{"count":7791,"self":0.0077738,"total":0.0077738,"children":null}}}}},"AgentSendState":{"count":167051,"self":29.994726399999998,"total":191.6707754,"children":{"CollectObservations":{"count":1503495,"self":2.6751452,"total":2.6751453,"children":null},"WriteActionMask":{"count":1503495,"self":0.4866975,"total":0.4866975,"children":null},"RequestDecision":{"count":1503495,"self":1.9625956,"total":158.5142067,"children":{"AgentInfo.ToProto":{"count":1503495,"self":2.0317854,"total":156.5516111,"children":{"GenerateSensorData":{"count":1503495,"self":153.4654208,"total":154.51982569999998,"children":{"RayPerceptionSensor.Perceive":{"count":1503495,"self":1.0544003,"total":1.0544003,"children":null}}}}}}}}},"DecideAction":{"count":167051,"self":625.90264319999994,"total":625.9026539,"children":null},"AgentAct":{"count":167051,"self":11.735065599999999,"total":11.735065899999999,"children":null}},"gauges":{"PRV_Agent.CumulativeReward":{"count":7791,"max":1.13087916,"min":-9.180927,"runningAverage":-0.5339603,"value":-0.2556862,"weightedAverage":-0.2652078}},"metadata":{"timer_format_version":"0.1.0","start_time_seconds":"1772048266","unity_version":"6000.0.62f1","command_line_arguments":"C:\\Program Files\\Unity\\Hub\\Editor\\6000.0.62f1\\Editor\\Unity.exe -projectpath C:\\Users\\umute\\Documents\\GitHub\\Triade -useHub -hubIPC -cloudEnvironment production","communication_protocol_version":"1.5.0","com.unity.ml-agents_version":"4.0.2","scene_name":"SampleScene 1","end_time_seconds":"1772049243"}}