{"count":1,"self":5.2006888,"total":43.1578856,"children":{"InitializeActuators":{"count":135,"self":0.0025176,"total":0.0025176,"children":null},"InitializeSensors":{"count":135,"self":0.0020201999999999998,"total":0.0020201999999999998,"children":null},"AgentSendState":{"count":3717,"self":1.7058596,"total":2.5610321,"children":{"CollectObservations":{"count":100440,"self":0.1675016,"total":0.1675016,"children":null},"WriteActionMask":{"count":100440,"self":0.033347999999999996,"total":0.033347999999999996,"children":null},"RequestDecision":{"count":100440,"self":0.1079557,"total":0.654323,"children":{"AgentInfo.ToProto":{"count":100440,"self":0.095126999999999989,"total":0.5463673,"children":{"GenerateSensorData":{"count":100440,"self":0.35806099999999996,"total":0.4512403,"children":{"RayPerceptionSensor.Perceive":{"count":100440,"self":0.093179299999999993,"total":0.093179299999999993,"children":null}}}}}}}}},"DecideAction":{"count":3717,"self":34.9295008,"total":34.9295002,"children":null},"AgentAct":{"count":3717,"self":0.456707,"total":0.4621268,"children":{"AgentInfo.ToProto":{"count":405,"self":0.0015069,"total":0.0054198,"children":{"GenerateSensorData":{"count":405,"self":0.0030369999999999998,"total":0.0039128999999999995,"children":{"RayPerceptionSensor.Perceive":{"count":405,"self":0.0008759,"total":0.0008759,"children":null}}}}}}}},"gauges":{"RedAgent.CumulativeReward":{"count":405,"max":-0.555330157,"min":-13.1874294,"runningAverage":-3.864316,"value":-2.15135765,"weightedAverage":-2.77394342}},"metadata":{"timer_format_version":"0.1.0","start_time_seconds":"1771848933","unity_version":"6000.0.62f1","command_line_arguments":"C:\\Program Files\\Unity\\Hub\\Editor\\6000.0.62f1\\Editor\\Unity.exe -projectpath C:\\Users\\umute\\Documents\\GitHub\\Triade -useHub -hubIPC -cloudEnvironment production","communication_protocol_version":"1.5.0","com.unity.ml-agents_version":"4.0.2","scene_name":"SampleScene","end_time_seconds":"1771848976"}}