{"count":1,"self":26345.9127296,"total":27477.0776764,"children":{"InitializeActuators":{"count":28,"self":0.0019963999999999997,"total":0.0019963999999999997,"children":null},"InitializeSensors":{"count":28,"self":0.0030007,"total":0.0030007,"children":null},"AgentSendState":{"count":313434,"self":42.3292736,"total":63.887996699999995,"children":{"CollectObservations":{"count":1755236,"self":3.0817311999999997,"total":3.0817311,"children":null},"WriteActionMask":{"count":1755236,"self":0.80708099999999994,"total":0.80708099999999994,"children":null},"RequestDecision":{"count":1755236,"self":3.2721023999999996,"total":17.6699114,"children":{"AgentInfo.ToProto":{"count":1755236,"self":2.672081,"total":14.397808999999999,"children":{"GenerateSensorData":{"count":1755236,"self":9.6593184,"total":11.725728,"children":{"RayPerceptionSensor.Perceive":{"count":1755236,"self":2.0664092,"total":2.0664093,"children":null}}}}}}}}},"DecideAction":{"count":313434,"self":1049.4765055999999,"total":1049.4764802,"children":null},"AgentAct":{"count":313434,"self":17.0592272,"total":17.087042,"children":{"AgentInfo.ToProto":{"count":2276,"self":0.0080074,"total":0.0278144,"children":{"GenerateSensorData":{"count":2276,"self":0.014809,"total":0.019806999999999998,"children":{"RayPerceptionSensor.Perceive":{"count":2276,"self":0.004998,"total":0.004998,"children":null}}}}}}},"AgentInfo.ToProto":{"count":48244,"self":0.19024629999999998,"total":0.7089565,"children":{"GenerateSensorData":{"count":48244,"self":0.43963019999999997,"total":0.5187102,"children":{"RayPerceptionSensor.Perceive":{"count":48244,"self":0.07908,"total":0.07908,"children":null}}}}}},"gauges":{"RedAgent.CumulativeReward":{"count":50520,"max":42.50733,"min":-123.375237,"runningAverage":-0.4259718,"value":4.97212124,"weightedAverage":1.3881458}},"metadata":{"timer_format_version":"0.1.0","start_time_seconds":"1771435374","unity_version":"6000.0.62f1","command_line_arguments":"C:\\Program Files\\Unity\\Hub\\Editor\\6000.0.62f1\\Editor\\Unity.exe -projectpath E:\\ISART_PROJECT\\Triade -useHub -hubIPC -cloudEnvironment production","communication_protocol_version":"1.5.0","com.unity.ml-agents_version":"4.0.2","scene_name":"SampleScene","end_time_seconds":"1771462851"}}