{
    "name": "root",
    "gauges": {
        "PRV_Agent.Policy.Entropy.mean": {
            "value": 0.9230890274047852,
            "min": 0.9230528473854065,
            "max": 1.1329814195632935,
            "count": 500
        },
        "PRV_Agent.Policy.Entropy.sum": {
            "value": 10857.373046875,
            "min": 6244.9384765625,
            "max": 20680.310546875,
            "count": 500
        },
        "PRV_Agent.Environment.EpisodeLength.mean": {
            "value": 60.61142857142857,
            "min": 54.32727272727273,
            "max": 160.56716417910448,
            "count": 500
        },
        "PRV_Agent.Environment.EpisodeLength.sum": {
            "value": 10607.0,
            "min": 6662.0,
            "max": 13286.0,
            "count": 500
        },
        "PRV_Agent.Step.mean": {
            "value": 4999994.0,
            "min": 9956.0,
            "max": 4999994.0,
            "count": 500
        },
        "PRV_Agent.Step.sum": {
            "value": 4999994.0,
            "min": 9956.0,
            "max": 4999994.0,
            "count": 500
        },
        "PRV_Agent.Policy.ExtrinsicValueEstimate.mean": {
            "value": -0.10169881582260132,
            "min": -0.24644292891025543,
            "max": -0.06492401659488678,
            "count": 500
        },
        "PRV_Agent.Policy.ExtrinsicValueEstimate.sum": {
            "value": -18.000690460205078,
            "min": -29.741329193115234,
            "max": -8.850078582763672,
            "count": 500
        },
        "PRV_Agent.Environment.CumulativeReward.mean": {
            "value": -0.025057152552264077,
            "min": -0.5021489878643804,
            "max": 0.10439940524655719,
            "count": 500
        },
        "PRV_Agent.Environment.CumulativeReward.sum": {
            "value": -4.3850016966462135,
            "min": -55.195228315889835,
            "max": 13.467523276805878,
            "count": 500
        },
        "PRV_Agent.Policy.ExtrinsicReward.mean": {
            "value": -0.025057152552264077,
            "min": -0.5021489878643804,
            "max": 0.10439940524655719,
            "count": 500
        },
        "PRV_Agent.Policy.ExtrinsicReward.sum": {
            "value": -4.3850016966462135,
            "min": -55.195228315889835,
            "max": 13.467523276805878,
            "count": 500
        },
        "PRV_Agent.IsTraining.mean": {
            "value": 1.0,
            "min": 1.0,
            "max": 1.0,
            "count": 500
        },
        "PRV_Agent.IsTraining.sum": {
            "value": 1.0,
            "min": 1.0,
            "max": 1.0,
            "count": 500
        },
        "PRV_Agent.Losses.PolicyLoss.mean": {
            "value": 0.018039563468967876,
            "min": 0.011134397238492966,
            "max": 0.02465004335778455,
            "count": 241
        },
        "PRV_Agent.Losses.PolicyLoss.sum": {
            "value": 0.018039563468967876,
            "min": 0.011134397238492966,
            "max": 0.02465004335778455,
            "count": 241
        },
        "PRV_Agent.Losses.ValueLoss.mean": {
            "value": 0.11899400378266971,
            "min": 0.06143638143936793,
            "max": 0.1383064622680346,
            "count": 241
        },
        "PRV_Agent.Losses.ValueLoss.sum": {
            "value": 0.11899400378266971,
            "min": 0.06143638143936793,
            "max": 0.1383064622680346,
            "count": 241
        },
        "PRV_Agent.Policy.LearningRate.mean": {
            "value": 8.99859700079994e-07,
            "min": 8.99859700079994e-07,
            "max": 0.00029875338041553996,
            "count": 241
        },
        "PRV_Agent.Policy.LearningRate.sum": {
            "value": 8.99859700079994e-07,
            "min": 8.99859700079994e-07,
            "max": 0.00029875338041553996,
            "count": 241
        },
        "PRV_Agent.Policy.Epsilon.mean": {
            "value": 0.10029991999999997,
            "min": 0.10029991999999997,
            "max": 0.19958445999999994,
            "count": 241
        },
        "PRV_Agent.Policy.Epsilon.sum": {
            "value": 0.10029991999999997,
            "min": 0.10029991999999997,
            "max": 0.19958445999999994,
            "count": 241
        },
        "PRV_Agent.Policy.Beta.mean": {
            "value": 2.4966007999999908e-05,
            "min": 2.4966007999999908e-05,
            "max": 0.004979264553999999,
            "count": 241
        },
        "PRV_Agent.Policy.Beta.sum": {
            "value": 2.4966007999999908e-05,
            "min": 2.4966007999999908e-05,
            "max": 0.004979264553999999,
            "count": 241
        }
    },
    "metadata": {
        "timer_format_version": "0.1.0",
        "start_time_seconds": "1772091278",
        "python_version": "3.10.12 | packaged by Anaconda, Inc. | (main, Jul  5 2023, 19:01:18) [MSC v.1916 64 bit (AMD64)]",
        "command_line_arguments": "C:\\Users\\Umut\\miniconda3\\envs\\mlagents\\Scripts\\mlagents-learn prv_training_config_2.yaml --run-id=PRV_V2_Run10 --initialize-from=PRV_V2_Run9",
        "mlagents_version": "1.1.0",
        "mlagents_envs_version": "1.1.0",
        "communication_protocol_version": "1.5.0",
        "pytorch_version": "2.2.2+cu121",
        "numpy_version": "1.23.5",
        "end_time_seconds": "1772095141"
    },
    "total": 3862.4709526000006,
    "count": 1,
    "self": 0.013952399996924214,
    "children": {
        "run_training.setup": {
            "total": 0.10202570000546984,
            "count": 1,
            "self": 0.10202570000546984
        },
        "TrainerController.start_learning": {
            "total": 3862.354974499998,
            "count": 1,
            "self": 2.32856590065785,
            "children": {
                "TrainerController._reset_env": {
                    "total": 8.732016200003272,
                    "count": 1,
                    "self": 8.732016200003272
                },
                "TrainerController.advance": {
                    "total": 3851.205292599341,
                    "count": 108297,
                    "self": 2.0445327985071344,
                    "children": {
                        "env_step": {
                            "total": 2346.6369519995205,
                            "count": 108297,
                            "self": 2187.9094206977024,
                            "children": {
                                "SubprocessEnvManager._take_step": {
                                    "total": 157.18075480019615,
                                    "count": 108297,
                                    "self": 8.093739900963556,
                                    "children": {
                                        "TorchPolicy.evaluate": {
                                            "total": 149.0870148992326,
                                            "count": 74684,
                                            "self": 149.0870148992326
                                        }
                                    }
                                },
                                "workers": {
                                    "total": 1.5467765016219346,
                                    "count": 108297,
                                    "self": 0.0,
                                    "children": {
                                        "worker_root": {
                                            "total": 3852.1463747989983,
                                            "count": 108297,
                                            "is_parallel": true,
                                            "self": 1941.2876371989623,
                                            "children": {
                                                "steps_from_proto": {
                                                    "total": 0.004171400003542658,