{
    "name": "root",
    "gauges": {
        "PRV_Agent.Policy.Entropy.mean": {
            "value": 1.2822054624557495,
            "min": 1.2822054624557495,
            "max": 1.4189382791519165,
            "count": 500
        },
        "PRV_Agent.Policy.Entropy.sum": {
            "value": 12866.931640625,
            "min": 10470.921875,
            "max": 25540.888671875,
            "count": 500
        },
        "PRV_Agent.Environment.LessonNumber.area_size.mean": {
            "value": 0.0,
            "min": 0.0,
            "max": 0.0,
            "count": 500
        },
        "PRV_Agent.Environment.LessonNumber.area_size.sum": {
            "value": 0.0,
            "min": 0.0,
            "max": 0.0,
            "count": 500
        },
        "PRV_Agent.Environment.LessonNumber.episode_duration.mean": {
            "value": 0.0,
            "min": 0.0,
            "max": 0.0,
            "count": 500
        },
        "PRV_Agent.Environment.LessonNumber.episode_duration.sum": {
            "value": 0.0,
            "min": 0.0,
            "max": 0.0,
            "count": 500
        },
        "PRV_Agent.Environment.EpisodeLength.mean": {
            "value": 48.098591549295776,
            "min": 30.419047619047618,
            "max": 199.0,
            "count": 500
        },
        "PRV_Agent.Environment.EpisodeLength.sum": {
            "value": 10245.0,
            "min": 8019.0,
            "max": 17910.0,
            "count": 500
        },
        "PRV_Agent.Step.mean": {
            "value": 4999974.0,
            "min": 9800.0,
            "max": 4999974.0,
            "count": 500
        },
        "PRV_Agent.Step.sum": {
            "value": 4999974.0,
            "min": 9800.0,
            "max": 4999974.0,
            "count": 500
        },
        "PRV_Agent.Policy.ExtrinsicValueEstimate.mean": {
            "value": -0.05631669983267784,
            "min": -0.33200016617774963,
            "max": -0.01809414103627205,
            "count": 500
        },
        "PRV_Agent.Policy.ExtrinsicValueEstimate.sum": {
            "value": -11.939140319824219,
            "min": -20.070478439331055,
            "max": -4.455758571624756,
            "count": 500
        },
        "PRV_Agent.Environment.CumulativeReward.mean": {
            "value": -0.10630577418707171,
            "min": -1.1916420798675686,
            "max": -0.022603648067068875,
            "count": 500
        },
        "PRV_Agent.Environment.CumulativeReward.sum": {
            "value": -22.5368241276592,
            "min": -60.773746073246,
            "max": -7.142752789193764,
            "count": 500
        },
        "PRV_Agent.Policy.ExtrinsicReward.mean": {
            "value": -0.10630577418707171,
            "min": -1.1916420798675686,
            "max": -0.022603648067068875,
            "count": 500
        },
        "PRV_Agent.Policy.ExtrinsicReward.sum": {
            "value": -22.5368241276592,
            "min": -60.773746073246,
            "max": -7.142752789193764,
            "count": 500
        },
        "PRV_Agent.IsTraining.mean": {
            "value": 1.0,
            "min": 1.0,
            "max": 1.0,
            "count": 500
        },
        "PRV_Agent.IsTraining.sum": {
            "value": 1.0,
            "min": 1.0,
            "max": 1.0,
            "count": 500
        },
        "PRV_Agent.Losses.PolicyLoss.mean": {
            "value": 0.019563670891026657,
            "min": 0.010412112126747768,
            "max": 0.02492443413939327,
            "count": 239
        },
        "PRV_Agent.Losses.PolicyLoss.sum": {
            "value": 0.019563670891026657,
            "min": 0.010412112126747768,
            "max": 0.02492443413939327,
            "count": 239
        },
        "PRV_Agent.Losses.ValueLoss.mean": {
            "value": 0.06739037198324999,
            "min": 0.006159076227270292,
            "max": 0.08998648549119631,
            "count": 239
        },
        "PRV_Agent.Losses.ValueLoss.sum": {
            "value": 0.06739037198324999,
            "min": 0.006159076227270292,
            "max": 0.08998648549119631,
            "count": 239
        },
        "PRV_Agent.Policy.LearningRate.mean": {
            "value": 3.904598698800008e-07,
            "min": 3.904598698800008e-07,
            "max": 0.0002983800005399999,
            "count": 239
        },
        "PRV_Agent.Policy.LearningRate.sum": {
            "value": 3.904598698800008e-07,
            "min": 3.904598698800008e-07,
            "max": 0.0002983800005399999,
            "count": 239
        },
        "PRV_Agent.Policy.Epsilon.mean": {
            "value": 0.10013012000000004,
            "min": 0.10013012000000004,
            "max": 0.19946000000000005,
            "count": 239
        },
        "PRV_Agent.Policy.Epsilon.sum": {
            "value": 0.10013012000000004,
            "min": 0.10013012000000004,
            "max": 0.19946000000000005,
            "count": 239
        },
        "PRV_Agent.Policy.Beta.mean": {
            "value": 1.6492988000000014e-05,
            "min": 1.6492988000000014e-05,
            "max": 0.004973054000000001,
            "count": 239
        },
        "PRV_Agent.Policy.Beta.sum": {
            "value": 1.6492988000000014e-05,
            "min": 1.6492988000000014e-05,
            "max": 0.004973054000000001,
            "count": 239
        }
    },
    "metadata": {
        "timer_format_version": "0.1.0",
        "start_time_seconds": "1772066405",
        "python_version": "3.10.12 | packaged by Anaconda, Inc. | (main, Jul  5 2023, 19:01:18) [MSC v.1916 64 bit (AMD64)]",
        "command_line_arguments": "C:\\Users\\Umut\\miniconda3\\envs\\mlagents\\Scripts\\mlagents-learn prv_training_config_2.yaml --run-id=PRV_V2_Run8",
        "mlagents_version": "1.1.0",
        "mlagents_envs_version": "1.1.0",
        "communication_protocol_version": "1.5.0",
        "pytorch_version": "2.2.2+cu121",
        "numpy_version": "1.23.5",
        "end_time_seconds": "1772070573"
    },
    "total": 4168.5314113,
    "count": 1,
    "self": 0.02350990000195452,
    "children": {
        "run_training.setup": {
            "total": 0.10840620000089984,
            "count": 1,
            "self": 0.10840620000089984
        },
        "TrainerController.start_learning": {
            "total": 4168.399495199998,
            "count": 1,
            "self": 13.418657600424922,
            "children": {
                "TrainerController._reset_env": {
                    "total": 8.600575300000855,
                    "count": 1,
                    "self": 8.600575300000855
                },
                "TrainerController.advance": {
                    "total": 4146.2832324995725,
                    "count": 130098,
                    "self": 5.087638000724837,
                    "children": {
                        "env_step": {
                            "total": 2589.7353663002195,
                            "count": 130098,
                            "self": 2349.241567601035,
                            "children": {
                                "SubprocessEnvManager._take_step": {
                                    "total": 238.54591319883548,
                                    "count": 130098,
                                    "self": 11.018884998446083,
                                    "children": {
                                        "TorchPolicy.evaluate": {
                                            "total": 227.5270282003894,
                                            "count": 111136,
                                            "self": 227.5270282003894
                                        }
                                    }
                                },
                                "workers": {
                                    "total": 1.9478855003490025,
                                    "count": 130098,