{
    "name": "root",
    "gauges": {
        "PRV_Agent.Policy.Entropy.mean": {
            "value": 0.7701435089111328,
            "min": 0.7701435089111328,
            "max": 0.9230889678001404,
            "count": 331
        },
        "PRV_Agent.Policy.Entropy.sum": {
            "value": 8297.5263671875,
            "min": 5310.376953125,
            "max": 15798.66796875,
            "count": 331
        },
        "PRV_Agent.Environment.EpisodeLength.mean": {
            "value": 91.45833333333333,
            "min": 54.611111111111114,
            "max": 139.7741935483871,
            "count": 331
        },
        "PRV_Agent.Environment.EpisodeLength.sum": {
            "value": 10975.0,
            "min": 6324.0,
            "max": 13395.0,
            "count": 331
        },
        "PRV_Agent.Step.mean": {
            "value": 3309920.0,
            "min": 9958.0,
            "max": 3309920.0,
            "count": 331
        },
        "PRV_Agent.Step.sum": {
            "value": 3309920.0,
            "min": 9958.0,
            "max": 3309920.0,
            "count": 331
        },
        "PRV_Agent.Policy.ExtrinsicValueEstimate.mean": {
            "value": -0.22273537516593933,
            "min": -0.2882601022720337,
            "max": -0.11778486520051956,
            "count": 331
        },
        "PRV_Agent.Policy.ExtrinsicValueEstimate.sum": {
            "value": -29.623804092407227,
            "min": -37.74110412597656,
            "max": -13.356508255004883,
            "count": 331
        },
        "PRV_Agent.Environment.CumulativeReward.mean": {
            "value": -0.27354094564539044,
            "min": -0.6361116580665112,
            "max": -0.03193698350557135,
            "count": 331
        },
        "PRV_Agent.Environment.CumulativeReward.sum": {
            "value": -32.55137253180146,
            "min": -63.51993701606989,
            "max": -3.289509301073849,
            "count": 331
        },
        "PRV_Agent.Policy.ExtrinsicReward.mean": {
            "value": -0.27354094564539044,
            "min": -0.6361116580665112,
            "max": -0.03193698350557135,
            "count": 331
        },
        "PRV_Agent.Policy.ExtrinsicReward.sum": {
            "value": -32.55137253180146,
            "min": -63.51993701606989,
            "max": -3.289509301073849,
            "count": 331
        },
        "PRV_Agent.IsTraining.mean": {
            "value": 1.0,
            "min": 1.0,
            "max": 1.0,
            "count": 331
        },
        "PRV_Agent.IsTraining.sum": {
            "value": 1.0,
            "min": 1.0,
            "max": 1.0,
            "count": 331
        },
        "PRV_Agent.Losses.PolicyLoss.mean": {
            "value": 0.014851519884541631,
            "min": 0.012021177851905426,
            "max": 0.02395619498565793,
            "count": 159
        },
        "PRV_Agent.Losses.PolicyLoss.sum": {
            "value": 0.014851519884541631,
            "min": 0.012021177851905426,
            "max": 0.02395619498565793,
            "count": 159
        },
        "PRV_Agent.Losses.ValueLoss.mean": {
            "value": 0.10774987389643988,
            "min": 0.057886494075258574,
            "max": 0.10921343192458152,
            "count": 159
        },
        "PRV_Agent.Losses.ValueLoss.sum": {
            "value": 0.10774987389643988,
            "min": 0.057886494075258574,
            "max": 0.10921343192458152,
            "count": 159
        },
        "PRV_Agent.Policy.LearningRate.mean": {
            "value": 0.00010217154594283996,
            "min": 0.00010217154594283996,
            "max": 0.00029875596041467985,
            "count": 159
        },
        "PRV_Agent.Policy.LearningRate.sum": {
            "value": 0.00010217154594283996,
            "min": 0.00010217154594283996,
            "max": 0.00029875596041467985,
            "count": 159
        },
        "PRV_Agent.Policy.Epsilon.mean": {
            "value": 0.13405716000000006,
            "min": 0.13405716000000006,
            "max": 0.19958531999999998,
            "count": 159
        },
        "PRV_Agent.Policy.Epsilon.sum": {
            "value": 0.13405716000000006,
            "min": 0.13405716000000006,
            "max": 0.19958531999999998,
            "count": 159
        },
        "PRV_Agent.Policy.Beta.mean": {
            "value": 0.0017094522839999997,
            "min": 0.0017094522839999997,
            "max": 0.004979307467999999,
            "count": 159
        },
        "PRV_Agent.Policy.Beta.sum": {
            "value": 0.0017094522839999997,
            "min": 0.0017094522839999997,
            "max": 0.004979307467999999,
            "count": 159
        }
    },
    "metadata": {
        "timer_format_version": "0.1.0",
        "start_time_seconds": "1772118063",
        "python_version": "3.10.12 | packaged by Anaconda, Inc. | (main, Jul  5 2023, 19:01:18) [MSC v.1916 64 bit (AMD64)]",
        "command_line_arguments": "C:\\Users\\umute\\miniconda3\\envs\\mlagents\\Scripts\\mlagents-learn prv_training_config_2.yaml --run-id=PRV_V2_Run11 --initialize-from=PRV_V2_Run10 --force",
        "mlagents_version": "1.1.0",
        "mlagents_envs_version": "1.1.0",
        "communication_protocol_version": "1.5.0",
        "pytorch_version": "2.2.2+cu121",
        "numpy_version": "1.23.5",
        "end_time_seconds": "1772120545"
    },
    "total": 2482.8828981999995,
    "count": 1,
    "self": 0.008177599999726226,
    "children": {
        "run_training.setup": {
            "total": 0.08083979999992152,
            "count": 1,
            "self": 0.08083979999992152
        },
        "TrainerController.start_learning": {
            "total": 2482.7938808,
            "count": 1,
            "self": 1.6749673999447623,
            "children": {
                "TrainerController._reset_env": {
                    "total": 8.453481599999577,
                    "count": 1,
                    "self": 8.453481599999577
                },
                "TrainerController.advance": {
                    "total": 2472.5046541000565,
                    "count": 71596,
                    "self": 1.5718791001108912,
                    "children": {
                        "env_step": {
                            "total": 1672.7221085999417,
                            "count": 71596,
                            "self": 1498.0119083998807,
                            "children": {
                                "SubprocessEnvManager._take_step": {
                                    "total": 173.72487060009007,
                                    "count": 71596,
                                    "self": 5.434884100043746,
                                    "children": {
                                        "TorchPolicy.evaluate": {
                                            "total": 168.28998650004633,
                                            "count": 51087,
                                            "self": 168.28998650004633
                                        }
                                    }
                                },
                                "workers": {
                                    "total": 0.9853295999710099,
                                    "count": 71595,
                                    "self": 0.0,
                                    "children": {
                                        "worker_root": {
                                            "total": 2441.9245304000697,
                                            "count": 71595,
                                            "is_parallel": true,
                                            "self": 1145.820937400038,
                                            "children": {
                                                "steps_from_proto": {
                                                    "total": 0.0028074000001652166,