{
    "name": "root",
    "gauges": {
        "RedAgent.Policy.Entropy.mean": {
            "value": 1.418195128440857,
            "min": 1.4171369075775146,
            "max": 1.4194074869155884,
            "count": 23
        },
        "RedAgent.Policy.Entropy.sum": {
            "value": 13070.0859375,
            "min": 13060.966796875,
            "max": 15261.4697265625,
            "count": 23
        },
        "RedAgent.Step.mean": {
            "value": 229888.0,
            "min": 9984.0,
            "max": 229888.0,
            "count": 23
        },
        "RedAgent.Step.sum": {
            "value": 229888.0,
            "min": 9984.0,
            "max": 229888.0,
            "count": 23
        },
        "RedAgent.Policy.ExtrinsicValueEstimate.mean": {
            "value": -0.5471830368041992,
            "min": -0.828792154788971,
            "max": -0.5266027450561523,
            "count": 23
        },
        "RedAgent.Policy.ExtrinsicValueEstimate.sum": {
            "value": -42.680274963378906,
            "min": -64.64579010009766,
            "max": -41.07501220703125,
            "count": 23
        },
        "RedAgent.IsTraining.mean": {
            "value": 1.0,
            "min": 1.0,
            "max": 1.0,
            "count": 23
        },
        "RedAgent.IsTraining.sum": {
            "value": 1.0,
            "min": 1.0,
            "max": 1.0,
            "count": 23
        },
        "RedAgent.Losses.PolicyLoss.mean": {
            "value": 0.06341007146984338,
            "min": 0.06341007146984338,
            "max": 0.10852723413457473,
            "count": 10
        },
        "RedAgent.Losses.PolicyLoss.sum": {
            "value": 0.06341007146984338,
            "min": 0.06341007146984338,
            "max": 0.10852723413457473,
            "count": 10
        },
        "RedAgent.Losses.ValueLoss.mean": {
            "value": 0.01348358482743303,
            "min": 0.013012669468298554,
            "max": 0.04002930875867605,
            "count": 10
        },
        "RedAgent.Losses.ValueLoss.sum": {
            "value": 0.01348358482743303,
            "min": 0.013012669468298554,
            "max": 0.04002930875867605,
            "count": 10
        },
        "RedAgent.Policy.LearningRate.mean": {
            "value": 0.0002870976043008001,
            "min": 0.0002870976043008001,
            "max": 0.00029870976043008,
            "count": 10
        },
        "RedAgent.Policy.LearningRate.sum": {
            "value": 0.0002870976043008001,
            "min": 0.0002870976043008001,
            "max": 0.00029870976043008,
            "count": 10
        },
        "RedAgent.Policy.Epsilon.mean": {
            "value": 0.19569920000000002,
            "min": 0.19569920000000002,
            "max": 0.19956992,
            "count": 10
        },
        "RedAgent.Policy.Epsilon.sum": {
            "value": 0.19569920000000002,
            "min": 0.19569920000000002,
            "max": 0.19956992,
            "count": 10
        },
        "RedAgent.Policy.Beta.mean": {
            "value": 0.004785390080000002,
            "min": 0.004785390080000002,
            "max": 0.004978539007999999,
            "count": 10
        },
        "RedAgent.Policy.Beta.sum": {
            "value": 0.004785390080000002,
            "min": 0.004785390080000002,
            "max": 0.004978539007999999,
            "count": 10
        }
    },
    "metadata": {
        "timer_format_version": "0.1.0",
        "start_time_seconds": "1770203712",
        "python_version": "3.10.12 | packaged by Anaconda, Inc. | (main, Jul  5 2023, 19:01:18) [MSC v.1916 64 bit (AMD64)]",
        "command_line_arguments": "C:\\Users\\umute\\miniconda3\\envs\\mlagents\\Scripts\\mlagents-learn trainer_config.yaml --run-id=Test001",
        "mlagents_version": "1.1.0",
        "mlagents_envs_version": "1.1.0",
        "communication_protocol_version": "1.5.0",
        "pytorch_version": "2.2.2+cu121",
        "numpy_version": "1.23.5",
        "end_time_seconds": "1770204103"
    },
    "total": 390.7638511999976,
    "count": 1,
    "self": 0.0045113999949535355,
    "children": {
        "run_training.setup": {
            "total": 0.07610099999874365,
            "count": 1,
            "self": 0.07610099999874365
        },
        "TrainerController.start_learning": {
            "total": 390.6832388000039,
            "count": 1,
            "self": 0.5530881999438861,
            "children": {
                "TrainerController._reset_env": {
                    "total": 7.986937100009527,
                    "count": 1,
                    "self": 7.986937100009527
                },
                "TrainerController.advance": {
                    "total": 381.9367458000488,
                    "count": 19971,
                    "self": 0.5813220981362974,
                    "children": {
                        "env_step": {
                            "total": 303.10881240187155,
                            "count": 19971,
                            "self": 181.7639500025689,
                            "children": {
                                "SubprocessEnvManager._take_step": {
                                    "total": 120.99575689955964,
                                    "count": 19971,
                                    "self": 2.9725943001540145,
                                    "children": {
                                        "TorchPolicy.evaluate": {
                                            "total": 118.02316259940562,
                                            "count": 19971,
                                            "self": 118.02316259940562
                                        }
                                    }
                                },
                                "workers": {
                                    "total": 0.3491054997430183,
                                    "count": 19970,
                                    "self": 0.0,
                                    "children": {
                                        "worker_root": {
                                            "total": 374.6121090002707,
                                            "count": 19970,
                                            "is_parallel": true,
                                            "self": 240.0270497003221,
                                            "children": {
                                                "steps_from_proto": {
                                                    "total": 0.0005754999874625355,
                                                    "count": 1,
                                                    "is_parallel": true,
                                                    "self": 0.00020299998868722469,
                                                    "children": {
                                                        "_process_rank_one_or_two_observation": {
                                                            "total": 0.0003724999987753108,
                                                            "count": 4,
                                                            "is_parallel": true,
                                                            "self": 0.0003724999987753108
                                                        }
                                                    }
                                                },
                                                "UnityEnvironment.step": {
                                                    "total": 134.58448379996116,
                                                    "count": 19970,
                                                    "is_parallel": true,
                                                    "self": 3.3725077977287583,